FeatureSelection,Corr
VT,0.464
VT,0.371
VT,0.434
VT,0.408
VT,0.446
VT,0.333
VT,0.371
VT,0.405
VT,0.391
VT,0.332
VT,0.32
VT,0.309
MI,0.52
MI,0.431
MI,0.484
MI,0.446
MI,0.469
MI,0.327
MI,0.406
MI,0.499
MI,0.392
MI,0.498
MI,0.504
MI,0.491
Corr_Matrix,0.48
Corr_Matrix,0.41
Corr_Matrix,0.483
Corr_Matrix,0.431
Corr_Matrix,0.444
Corr_Matrix,0.339
Corr_Matrix,0.32
Corr_Matrix,0.479
Corr_Matrix,0.286
Corr_Matrix,0.316
Corr_Matrix,0.303
Corr_Matrix,0.321
BayesA,0.533
BayesA,0.44
BayesA,0.503
BayesA,0.447
BayesA,0.476
BayesA,0.609
BayesA,0.384
BayesA,0.751
BayesA,0.567
BayesA,0.747
BayesA,0.748
BayesA,0.741
