FeatureSelection,Corr
VT,0.644
VT,0.548
VT,0.633
VT,0.602
VT,0.633
VT,0.535
VT,0.558
VT,0.579
VT,0.572
VT,0.647
VT,0.649
VT,0.647
MI,0.655
MI,0.613
MI,0.655
MI,0.616
MI,0.653
MI,0.581
MI,0.532
MI,0.609
MI,0.562
MI,0.616
MI,0.621
MI,0.618
Corr_Matrix,0.63
Corr_Matrix,0.60
Corr_Matrix,0.567
Corr_Matrix,0.586
Corr_Matrix,0.617
Corr_Matrix,0.495
Corr_Matrix,0.514
Corr_Matrix,0.51
Corr_Matrix,0.532
Corr_Matrix,0.618
Corr_Matrix,0.60
Corr_Matrix,0.624
BayesA,0.67
BayesA,0.627
BayesA,0.679
BayesA,0.625
BayesA,0.67
BayesA,0.798
BayesA,0.538
BayesA,0.781
BayesA,0.663
BayesA,0.834
BayesA,0.84
BayesA,0.838
