FeatureSelection,Corr
VT,0.447
VT,0.316
VT,0.422
VT,0.404
VT,0.371
VT,0.376
VT,0.35
VT,0.38
VT,0.367
VT,0.411
VT,0.418
VT,0.407
MI,0.416
MI,0.368
MI,0.441
MI,0.319
MI,0.401
MI,0.261
MI,0.34
MI,0.409
MI,0.339
MI,0.416
MI,0.427
MI,0.412
Corr_Matrix,0.457
Corr_Matrix,0.381
Corr_Matrix,0.46
Corr_Matrix,0.323
Corr_Matrix,0.345
Corr_Matrix,0.452
Corr_Matrix,0.197
Corr_Matrix,0.421
Corr_Matrix,0.224
Corr_Matrix,0.442
Corr_Matrix,0.447
Corr_Matrix,0.437
BayesA, 0.395
BayesA, 0.393
BayesA, 0.316
BayesA, 0.328
BayesA, 0.297
BayesA, 0.366
BayesA,0.218
BayesA,0.406
BayesA,0.406
BayesA,0.415
BayesA,0.417
BayesA,0.419
