FeatureSelection,Corr
VT,0.460
VT,0.429
VT,0.476
VT,0.463
VT,0.496
VT,0.354
VT,0.418
VT,0.485
VT,0.418
VT,0.468
VT,0.464
VT,0.464
MI,0.465
MI,0.388
MI,0.512
MI,0.451
MI,0.441
MI,0.416
MI,0.423
MI,0.478
MI,0.442
MI,0.457
MI,0.458
MI,0.454
Corr_Matrix,0.425
Corr_Matrix,0.322
Corr_Matrix,0.403
Corr_Matrix,0.403
Corr_Matrix,0.423
Corr_Matrix,0.419
Corr_Matrix,0.336
Corr_Matrix,0.439
Corr_Matrix,0.348
Corr_Matrix,0.436
Corr_Matrix,0.436
Corr_Matrix,0.432
BayesA,0.453
BayesA,0.429
BayesA,0.433
BayesA,0.449
BayesA,0.49
BayesA,0.418
BayesA,0.355
BayesA,0.497
BayesA,0.497
BayesA,0.498
BayesA,0.497
BayesA,0.495
