FeatureSelection,Corr
VT,0.576
VT,0.549
VT,0.583
VT,0.509
VT,0.545
VT,0.532
VT,0.549
VT,0.563
VT,0.54
VT,0.562
VT,0.564
VT,0.563
MI,0.615
MI,0.492
MI,0.625
MI,0.530
MI,0.590
MI,0.521
MI,0.569
MI,0.573
MI,0.575
MI,0.559
MI,0.553
MI,0.56
Corr_Matrix,0.671
Corr_Matrix,0.668
Corr_Matrix,0.607
Corr_Matrix,0.591
Corr_Matrix,0.663
Corr_Matrix,0.525
Corr_Matrix,0.58
Corr_Matrix,0.591
Corr_Matrix,0.579
Corr_Matrix,0.601
Corr_Matrix,0.57
Corr_Matrix,0.603
BayesA,0.679
BayesA,0.67
BayesA,0.717
BayesA,0.593
BayesA,0.668
BayesA,0.589
BayesA,0.552
BayesA,0.647
BayesA,0.647
BayesA,0.633
BayesA,0.628
BayesA,0.63
