FeatureSelection,Corr
VT,0.418
VT,0.336
VT,0.418
VT,0.40
VT,0.414
VT,0.324
VT,0.23
VT,0.32
VT,0.293
VT,0.532
VT,0.511
VT,0.576
MI,0.436
MI,0.347
MI,0.403
MI,0.413
MI,0.437
MI,0.346
MI,0.29
MI,0.348
MI,0.296
MI,0.551
MI,0.533
MI,0.539
Corr_Matrix,0.34
Corr_Matrix,0.312
Corr_Matrix,0.325
Corr_Matrix,0.307
Corr_Matrix,0.31
Corr_Matrix,0.302
Corr_Matrix,0.235
Corr_Matrix,0.32
Corr_Matrix,0.182
Corr_Matrix,0.442
Corr_Matrix,0.436
Corr_Matrix,0.459
BayesA, 0.466
BayesA, 0.348
BayesA, 0.422
BayesA, 0.421
BayesA, 0.459
BayesA, 0.591
BayesA,0.302
BayesA,0.622
BayesA,0.458
BayesA,0.549
BayesA,0.568
BayesA,0.555
