Model,Corr
RF_py,0.464
RF_py,0.52
RF_py,0.48
RF_py,0.533
extraTrees_py,0.371
extraTrees_py,0.431
extraTrees_py,0.41
extraTrees_py,0.44
GB_py,0.434
GB_py,0.484
GB_py,0.483
GB_py,0.503
adaboost_py,0.408
adaboost_py,0.446
adaboost_py,0.431
adaboost_py,0.447
Xgboost_py,0.446
Xgboost_py,0.469
Xgboost_py,0.444
Xgboost_py,0.476
mlp_py,0.333
mlp_py,0.327
mlp_py,0.339
mlp_py,0.609
LASSO_r,0.371
LASSO_r,0.406
LASSO_r,0.32
LASSO_r,0.384
ridge_r,0.405
ridge_r,0.499
ridge_r,0.479
ridge_r,0.751
elasticnet_r,0.391
elasticnet_r,0.392
elasticnet_r,0.286
elasticnet_r,0.567
BayesA_r,0.332
BayesA_r,0.498
BayesA_r,0.316
BayesA_r,0.747
BRR_r,0.32
BRR_r,0.504
BRR_r,0.303
BRR_r,0.748
BL_r,0.309
BL_r,0.491
BL_r,0.321
BL_r,0.741
