Model,Corr
RF_py,0.644
RF_py,0.655
RF_py,0.63
RF_py,0.67
extraTrees_py,0.548
extraTrees_py,0.613
extraTrees_py,0.60
extraTrees_py,0.627
GB_py,0.633
GB_py,0.655
GB_py,0.567
GB_py,0.679
adaboost_py,0.602
adaboost_py,0.616
adaboost_py,0.586
adaboost_py,0.625
Xgboost_py,0.633
Xgboost_py,0.653
Xgboost_py,0.617
Xgboost_py,0.67
mlp_py,0.535
mlp_py,0.581
mlp_py,0.495
mlp_py,0.798
LASSO_r,0.558
LASSO_r,0.532
LASSO_r,0.514
LASSO_r,0.538
ridge_r,0.579
ridge_r,0.609
ridge_r,0.51
ridge_r,0.781
elasticnet_r,0.572
elasticnet_r,0.562
elasticnet_r,0.532
elasticnet_r,0.663
BayesA_r,0.647
BayesA_r,0.616
BayesA_r,0.618
BayesA_r,0.834
BRR_r,0.649
BRR_r,0.621
BRR_r,0.60
BRR_r,0.84
BL_r,0.647
BL_r,0.618
BL_r,0.624
BL_r,0.838
