Model,Corr
RF_py,0.576
RF_py,0.615
RF_py,0.671
RF_py,0.679
extraTrees_py,0.549
extraTrees_py,0.492
extraTrees_py,0.668
extraTrees_py,0.67
GB_py,0.583
GB_py,0.625
GB_py,0.607
GB_py,0.717
adaboost_py,0.509
adaboost_py,0.530
adaboost_py,0.591
adaboost_py,0.593
Xgboost_py,0.545
Xgboost_py,0.590
Xgboost_py,0.663
Xgboost_py,0.668
mlp_py,0.532
mlp_py,0.521
mlp_py,0.525
mlp_py,0.589
LASSO_r,0.549
LASSO_r,0.569
LASSO_r,0.58
LASSO_r,0.552
ridge_r,0.563
ridge_r,0.573
ridge_r,0.591
ridge_r,0.647
elasticnet_r,0.54
elasticnet_r,0.575
elasticnet_r,0.579
elasticnet_r,0.647
BayesA_r,0.562
BayesA_r,0.559
BayesA_r,0.601
BayesA_r,0.633
BRR_r,0.564
BRR_r,0.553
BRR_r,0.57
BRR_r,0.628
BL_r,0.563
BL_r,0.56
BL_r,0.603
BL_r,0.63
