Model,Corr
RF_py,0.447
RF_py,0.416
RF_py,0.457
RF_py, 0.395
extraTrees_py,0.316
extraTrees_py,0.368
extraTrees_py,0.381
extraTrees_py, 0.393
GB_py,0.422
GB_py,0.441
GB_py,0.46
GB_py, 0.316
adaboost_py,0.404
adaboost_py,0.319
adaboost_py,0.323
adaboost_py, 0.328
Xgboost_py,0.371
Xgboost_py,0.401
Xgboost_py,0.345
Xgboost_py, 0.297
mlp_py,0.376
mlp_py,0.261
mlp_py,0.452
mlp_py, 0.366
LASSO_r,0.35
LASSO_r,0.34
LASSO_r,0.197
LASSO_r,0.218
ridge_r,0.38
ridge_r,0.409
ridge_r,0.421
ridge_r,0.406
elasticnet_r,0.367
elasticnet_r,0.339
elasticnet_r,0.224
elasticnet_r,0.406
BayesA_r,0.411
BayesA_r,0.416
BayesA_r,0.442
BayesA_r,0.415
BRR_r,0.418
BRR_r,0.427
BRR_r,0.447
BRR_r,0.417
BL_r,0.407
BL_r,0.412
BL_r,0.437
BL_r,0.419
