Model,Corr
RF_py,0.460
RF_py,0.465
RF_py,0.425
RF_py,0.453
extraTrees_py,0.429
extraTrees_py,0.388
extraTrees_py,0.322
extraTrees_py,0.429
GB_py,0.476
GB_py,0.512
GB_py,0.403
GB_py,0.433
adaboost_py,0.463
adaboost_py,0.451
adaboost_py,0.403
adaboost_py,0.449
Xgboost_py,0.496
Xgboost_py,0.441
Xgboost_py,0.423
Xgboost_py,0.49
mlp_py,0.354
mlp_py,0.416
mlp_py,0.419
mlp_py,0.418
LASSO_r,0.418
LASSO_r,0.423
LASSO_r,0.336
LASSO_r,0.355
ridge_r,0.485
ridge_r,0.478
ridge_r,0.439
ridge_r,0.497
elasticnet_r,0.418
elasticnet_r,0.442
elasticnet_r,0.348
elasticnet_r,0.497
BayesA_r,0.468
BayesA_r,0.457
BayesA_r,0.436
BayesA_r,0.498
BRR_r,0.464
BRR_r,0.458
BRR_r,0.436
BRR_r,0.497
BL_r,0.464
BL_r,0.454
BL_r,0.432
BL_r,0.495
