Model,Corr
RF_py,0.418
RF_py,0.436
RF_py,0.34
RF_py, 0.466
extraTrees_py,0.336
extraTrees_py,0.347
extraTrees_py,0.312
extraTrees_py, 0.348
GB_py,0.418
GB_py,0.403
GB_py,0.325
GB_py, 0.422
adaboost_py,0.40
adaboost_py,0.413
adaboost_py,0.307
adaboost_py, 0.421
Xgboost_py,0.414
Xgboost_py,0.437
Xgboost_py,0.31
Xgboost_py, 0.459
mlp_py,0.324
mlp_py,0.346
mlp_py,0.302
mlp_py, 0.591
LASSO_r,0.23
LASSO_r,0.29
LASSO_r,0.235
LASSO_r,0.302
ridge_r,0.32
ridge_r,0.348
ridge_r,0.32
ridge_r,0.622
elasticnet_r,0.293
elasticnet_r,0.296
elasticnet_r,0.182
elasticnet_r,0.458
BayesA_r,0.532
BayesA_r,0.551
BayesA_r,0.442
BayesA_r,0.549
BRR_r,0.511
BRR_r,0.533
BRR_r,0.436
BRR_r,0.568
BL_r,0.576
BL_r,0.539
BL_r,0.459
BL_r,0.555
